sample_id,fundamental_matrix
googleurban;1cf87530;a5a9975574c94ff9a285f58c39b53d2c-0143f47ee9e54243a1b8454f3e91621a,1.15148650e-07 1.69716079e-06 -7.54158563e-04 1.30170409e-06 -1.36873994e-07 8.08140108e-03 -1.15076122e-03 -8.64716522e-03 3.91542742e-01
googleurban;6ceaefff;39563e58b2b7411da3f06427c9ee4239-0303b05ca0cb46959eac430e4b2472ca,1.40556717e-06 -1.32866782e-05 8.16309043e-03 1.58253036e-05 -4.86485513e-06 -1.24082095e-02 -7.50202652e-03 1.65614059e-02 -4.39253177e+00
googleurban;d91db836;81dd07fb7b9a4e01996cee637f91ca1a-0006b1337a0347f49b4e651c035dfa0e,-4.59498813e-07 6.20563332e-06 -3.22816392e-03 -5.49247047e-06 1.75633898e-07 -1.37383456e-05 2.40441631e-03 -1.98382134e-03 1.00000000e+00
