sample_id,fundamental_matrix
googleurban;1cf87530;a5a9975574c94ff9a285f58c39b53d2c-0143f47ee9e54243a1b8454f3e91621a,0.00000000e+00 0.00000000e+00 0.00000000e+00 0.00000000e+00 0.00000000e+00 0.00000000e+00 0.00000000e+00 0.00000000e+00 0.00000000e+00
googleurban;6ceaefff;39563e58b2b7411da3f06427c9ee4239-0303b05ca0cb46959eac430e4b2472ca,0.00000000e+00 0.00000000e+00 0.00000000e+00 0.00000000e+00 0.00000000e+00 0.00000000e+00 0.00000000e+00 0.00000000e+00 0.00000000e+00
googleurban;d91db836;81dd07fb7b9a4e01996cee637f91ca1a-0006b1337a0347f49b4e651c035dfa0e,0.00000000e+00 0.00000000e+00 0.00000000e+00 0.00000000e+00 0.00000000e+00 0.00000000e+00 0.00000000e+00 0.00000000e+00 0.00000000e+00
