sample_id,fundamental_matrix
googleurban;1cf87530;a5a9975574c94ff9a285f58c39b53d2c-0143f47ee9e54243a1b8454f3e91621a,1.03080637e-07 1.52857629e-06 -6.77548492e-04 1.22865299e-06 -4.74887595e-08 7.49730154e-03 -1.07161771e-03 -8.05650934e-03 3.64651350e-01
googleurban;6ceaefff;39563e58b2b7411da3f06427c9ee4239-0303b05ca0cb46959eac430e4b2472ca,1.20889553e-06 -1.08570691e-05 7.09553573e-03 1.31435668e-05 -4.88724344e-06 -1.12479015e-02 -7.01029557e-03 1.55884235e-02 -4.14173719e+00
googleurban;d91db836;81dd07fb7b9a4e01996cee637f91ca1a-0006b1337a0347f49b4e651c035dfa0e,-2.31948808e-06 -2.57239319e-05 1.47496031e-02 9.96610298e-07 -3.46379988e-06 9.20904533e-03 -1.01004656e-03 -3.88361285e-03 -1.41449002e+00
