sample_id,fundamental_matrix
googleurban;1cf87530;a5a9975574c94ff9a285f58c39b53d2c-0143f47ee9e54243a1b8454f3e91621a,1.45507705e-07 2.01722107e-06 -8.72600744e-04 9.93297843e-07 -1.76907160e-07 8.19067515e-03 -1.04795190e-03 -8.70665988e-03 3.79542488e-01
googleurban;6ceaefff;39563e58b2b7411da3f06427c9ee4239-0303b05ca0cb46959eac430e4b2472ca,1.26300352e-06 -1.20542901e-05 7.49577848e-03 1.45892469e-05 -4.90794865e-06 -1.16059800e-02 -7.03311994e-03 1.57628559e-02 -4.19747567e+00
googleurban;d91db836;81dd07fb7b9a4e01996cee637f91ca1a-0006b1337a0347f49b4e651c035dfa0e,-1.96137725e-06 -3.32178578e-05 1.98069791e-02 1.24893451e-05 -1.46363521e-06 1.02151322e-02 -7.35210425e-03 -7.02861143e-03 -9.62507560e-01
