sample_id,fundamental_matrix
googleurban;1cf87530;a5a9975574c94ff9a285f58c39b53d2c-0143f47ee9e54243a1b8454f3e91621a,3.69677083e-11 2.46686623e-06 -1.35055989e-03 -2.46675114e-06 2.22587887e-10 -3.48859959e-03 1.35054485e-03 3.48846668e-03 -4.00040783e-08
googleurban;6ceaefff;39563e58b2b7411da3f06427c9ee4239-0303b05ca0cb46959eac430e4b2472ca,-3.79631345e-10 9.24859644e-07 -2.26839775e-03 -9.23708273e-07 -3.69961150e-10 4.47879542e-03 2.26777968e-03 -4.47861030e-03 -8.36823556e-06
googleurban;d91db836;81dd07fb7b9a4e01996cee637f91ca1a-0006b1337a0347f49b4e651c035dfa0e,5.25445622e-11 1.16693481e-06 -3.97471741e-04 -1.16630589e-06 -2.24270338e-09 4.82488777e-03 3.97067922e-04 -4.82230522e-03 -7.33501055e-04
